{"cameraMode":{"drawMode":0,"name":"Shaded","section":"Shading Mode"},"sceneLighting":true,"audioPlay":false,"sceneViewState":{"showFog":false,"showMaterialUpdate":false,"showSkybox":false,"showFlares":false,"showImageEffects":false,"showParticleSystems":false},"in2DMode":false,"pivot":{"x":-59.14882278442383,"y":-3.537836790084839,"z":0.2647409737110138},"rotation":{"x":0.10080596059560776,"y":-0.6389829516410828,"z":0.08510728925466538,"w":0.7578661441802979},"size":12.689517974853516,"orthographic":false}