{"cameraMode":{"drawMode":0,"name":"Shaded","section":"Shading Mode"},"sceneLighting":true,"audioPlay":false,"sceneViewState":{"showFog":false,"showMaterialUpdate":false,"showSkybox":false,"showFlares":false,"showImageEffects":false,"showParticleSystems":false},"in2DMode":false,"pivot":{"x":-35.316566467285159,"y":9.732465744018555,"z":8.756143569946289},"rotation":{"x":0.017705798149108888,"y":-0.25076526403427126,"z":0.0046630119904875759,"w":0.9679093360900879},"size":12.689517974853516,"orthographic":false}